iter,time,reward,steps,convergence
1,0.00180641300000417,-1851.53,998.88,90.1
2,0.0034680160000064575,-1053.67,1000.0,80.70108801
3,0.005099766000007833,-1131.57,1000.0,71.30306702
4,0.00674176300000795,-999.0,1000.0,61.92276702
5,0.007849084000007167,-999.0,1000.0,52.52195503
6,0.009512134000004835,-999.0,1000.0,43.14055363723524
7,0.011177651000011224,-1055.41,1000.0,34.14154273723524
8,0.012830031000007125,-1125.29,1000.0,24.772947677182835
9,0.014106945000008864,-1038.08,1000.0,15.602748848182832
10,0.015478031000007775,-1285.73,938.24,6.196765786708977
11,0.017103848000004973,-1114.11,1000.0,5.732928681544467
12,0.018685405000006483,-1030.84,1000.0,5.768744426078764
13,0.02033591300001092,-1000.94,1000.0,5.631224719148443
14,0.021966838000011535,-1005.38,1000.0,5.5671455125808365
15,0.023581269000011673,-999.0,1000.0,5.612088458258066
16,0.0252417470000168,-1204.07,990.87,5.419568287979639
17,0.026876254000015365,-999.0,1000.0,5.01853233829772
18,0.028594560000016145,-1105.54,1000.0,5.036789105864296
19,0.03025403300001983,-1277.16,969.21,4.7402010622874355
20,0.03187421700001636,-1039.4,1000.0,4.792207602014147
21,0.0334737570000172,-1034.92,996.04,4.584355972233214
22,0.03514244400001587,-1146.73,962.26,4.857452217698917
23,0.036778247000015085,-1049.05,998.14,4.93397459176456
24,0.03749865100001415,-1203.85,1000.0,4.90323550880578
25,0.039133936000013136,-1036.87,1000.0,4.818831565038295
26,0.0406756780000066,-1188.33,1000.0,4.992253128081481
27,0.042306644000007054,-1063.51,1000.0,5.03773832781171
28,0.04392392700000869,-1187.27,984.54,5.144176620297541
29,0.04473548100001068,-1075.07,1000.0,5.196852616436567
30,0.04614257900001206,-1000.47,1000.0,4.959552650271618
31,0.04679849900001187,-1073.4,991.39,5.182736709692998
32,0.04815967900000828,-1237.54,947.47,4.725255963268756
33,0.0498046810000119,-1010.84,996.16,4.783755105756732
34,0.051449492000010366,-1103.21,1000.0,4.90449297841853
35,0.05219860500000806,-1057.03,999.26,4.97245329375954
36,0.05356982800000765,-1031.11,996.92,4.987848769147048
37,0.0552001360000105,-1018.21,999.13,4.96324460940277
38,0.056427407000008145,-999.0,1000.0,4.786658650078085
39,0.05806158600000799,-1021.04,1000.0,4.780521755055328
40,0.05953845900000232,-999.0,1000.0,4.713392484214616
41,0.06116987800000118,-1116.24,985.82,4.72872657289946
42,0.061820826999998246,-999.0,1000.0,4.892577766754434
43,0.06347401000000019,-1107.29,1000.0,4.87314821837104
44,0.06408357600000159,-1330.49,996.65,4.734685525242996
45,0.06524069400000343,-1001.14,1000.0,4.7559149514032955
46,0.06688900500000727,-1010.04,994.28,4.348720612247286
47,0.06851782900000813,-1005.02,1000.0,4.350259162212721
48,0.06899042900001007,-999.0,1000.0,4.199775781329864
49,0.07063344400000915,-1013.71,1000.0,4.23574554203864
50,0.07200027200001102,-1002.44,990.05,4.080644711230052
51,0.07380722500001013,-1000.98,998.28,4.005736039357236
52,0.07545364600000681,-999.0,1000.0,4.104355771041838
53,0.07648518800000659,-1036.83,982.78,4.015043157844916
54,0.07812572900000703,-1016.15,1000.0,4.110283694952302
55,0.0797535620000076,-1012.42,992.05,4.027077473776128
56,0.08138854200000623,-1036.31,987.51,4.148169206056634
57,0.08302070700000286,-1004.85,982.16,3.735336198178519
58,0.0847582760000023,-1099.12,1000.0,3.7954346626377413
59,0.0863906299999968,-1039.33,992.19,3.3329416262901788
60,0.08790855399999487,-1045.29,992.32,3.7407318165143124
61,0.08946304599999877,-1026.34,1000.0,3.7478117999291074
62,0.09108953999999869,-1226.33,980.56,3.2489546632424906
63,0.09271574699999974,-1150.35,955.58,3.2091706809383873
64,0.09319854099999958,-1079.41,961.76,3.2138076226043375
65,0.09483602999999619,-1021.84,855.89,3.195264201536046
66,0.09518716899999191,-1449.79,998.94,3.4337945836481496
67,0.09572851499999047,-1186.86,975.64,3.8096286249884868
68,0.09616377599999026,-1224.1,997.17,3.827629428641383
69,0.09779887999999204,-1130.23,950.28,4.473969921265755
70,0.09943995799999072,-1033.96,941.19,4.467308775470161
71,0.10107237399999036,-1059.03,948.18,4.503002320676282
72,0.10213234899999435,-925.44,850.63,4.8430872115265515
73,0.1024800089999971,-1624.09,936.68,4.990717381654439
74,0.10293550899999815,-1180.35,991.9,4.849311621013506
75,0.10455833099999978,-1196.88,997.22,4.901644509846918
76,0.10618776399999774,-1159.06,1000.0,4.7334027432522365
77,0.10732828199999744,-1022.46,849.17,4.6312180321541945
78,0.10770979600000175,-901.8,788.73,4.295496156225117
79,0.10855389299999985,-942.71,843.14,4.160482249896608
80,0.1088914270000032,-933.41,785.57,4.166097587249967
81,0.10922480800000756,-1021.63,904.36,3.9405413109708376
82,0.10954207900000767,-1016.3,980.75,4.037389525316781
83,0.11100863500001168,-1092.16,994.44,4.059594094139831
84,0.1118520320000087,-1025.72,1000.0,4.181539821637179
85,0.1135567480000077,-1145.55,992.11,4.157661623417555
86,0.11519317700000187,-986.87,926.45,4.411157725842501
87,0.11683012000000303,-921.05,890.93,4.146962297743765
88,0.11857629900000433,-907.43,873.14,4.1773445182904965
89,0.11942853400000075,-953.82,909.76,4.0375113512152945
90,0.12108041700000172,-995.0,930.6,3.7956989306132236
91,0.12162001800000155,-971.01,945.84,3.5650870384010274
92,0.12324019900000849,-989.55,939.33,3.377233373790566
93,0.12374863000000857,-1058.42,987.74,3.3599061460546737
94,0.12435487800001255,-1027.55,986.41,3.0942229091873776
95,0.12471490900001214,-984.26,928.44,3.3029392987755153
96,0.12504916600001081,-984.51,933.63,3.1229682125763474
97,0.12667500600000636,-1004.06,1000.0,3.406844970023562
98,0.12755185300000704,-1149.46,996.05,4.055132964388713
99,0.12896317600000629,-1018.48,992.3,3.918728706764008
100,0.12987158700000379,-1018.41,991.99,3.9320197591318404
101,0.13120126600000503,-1058.8,994.2,4.345179761292328
102,0.13169427500000808,-1075.53,988.69,4.240278683845403
103,0.1329876280000093,-946.46,896.41,4.21615034227221
104,0.13342039000000483,-2022.9,916.78,4.547034863312317
105,0.1350950690000019,-1418.5,987.69,4.141909708851038
106,0.13536625600000463,-1213.97,860.32,4.402105891438542
107,0.1363049320000087,-1431.59,996.89,4.769034312229667
108,0.13686565100000792,-945.03,761.57,4.8713916398457755
109,0.13725083000000637,-1381.17,1000.0,4.783094076241321
110,0.13776729300000312,-1270.51,984.01,5.161818959842966
111,0.13810891100000333,-2210.88,993.39,5.456757904873996
112,0.13842995800000324,-613.9,618.62,5.810640239651583
113,0.13869932600000823,-1375.48,987.19,5.5737524589950365
114,0.13955704900000399,-943.72,745.5,5.842738222335322
115,0.14087265100000224,-1341.62,981.03,6.086132862749691
116,0.1414533460000058,-1155.52,745.07,5.692092664036364
117,0.14171951800000215,-1038.1,872.39,5.706949598137763
118,0.1421096910000017,-1002.23,1000.0,5.430452868897029
119,0.14293616300000167,-1089.23,709.18,6.007059471961364
120,0.14405541500000396,-1075.79,942.49,5.689813207030808
121,0.14453702000000845,-1145.66,999.89,5.39815334230072
122,0.14611406600000265,-1037.61,994.8,5.289433252437175
123,0.1467293440000006,-1026.28,962.78,5.232583021726188
124,0.14743420500000326,-1005.0,993.02,5.11551451892436
125,0.1487269340000026,-1049.51,934.94,5.107441443126744
126,0.14938463300000393,-948.48,905.19,5.654112136430024
127,0.15048297900000307,-1087.05,1000.0,5.671867642111074
128,0.1516309130000053,-1088.17,888.55,5.427349878378083
129,0.15219206800000507,-1046.15,959.09,4.949108494272322
130,0.15293620100000993,-1038.29,984.73,5.147080109813203
131,0.1538249270000165,-997.72,989.64,5.412471129147354
132,0.15455021400001812,-937.11,920.16,5.408231469433618
133,0.15570813000001493,-1005.22,986.46,5.431950712848706
134,0.1566080970000101,-997.15,863.55,5.383272249204501
135,0.15799114300001094,-1001.94,1000.0,5.646796478311238
136,0.15845912100000703,-899.65,892.74,5.253572474932426
137,0.1588707530000022,-920.95,858.83,4.6000188201287795
138,0.16013863599999922,-1041.81,976.56,4.7925429746972155
139,0.1615163799999948,-977.64,949.88,5.007002516702778
140,0.16293745099999768,-1056.23,876.94,4.796732416597314
141,0.16360415799999828,-1144.37,991.72,4.520032579736521
142,0.16403466199999883,-1027.05,905.77,4.468701846094715
143,0.16503904900000066,-1097.12,989.15,4.722556038317172
144,0.16563591399999922,-1033.3,973.98,4.587857324641034
145,0.1661804189999998,-897.02,878.16,4.199395218814356
146,0.1673883910000029,-1228.35,977.42,4.581525541819927
147,0.16775933699999968,-1073.73,984.36,5.28340048869096
148,0.16819285800000472,-1034.53,999.37,5.400591026393456
149,0.16982910200000845,-1015.02,992.35,5.2169592263189495
150,0.1701530880000064,-1013.75,994.5,5.233133656171085
151,0.17178213300000067,-1163.51,953.51,5.099522647457079
152,0.17218087900000256,-646.37,596.78,4.884643549558812
153,0.17341099200000798,-853.44,867.64,4.563536987276057
154,0.17480223400001194,-909.86,912.96,4.286614748730943
155,0.17656766800001122,-1016.19,984.57,4.427193806121792
156,0.17689110500001703,-831.58,836.05,4.1333094648167545
157,0.17747988600001463,-977.34,951.65,3.329509580264305
158,0.17776013800001778,-939.85,906.22,2.787468462597981
159,0.17803805200001932,-1094.56,941.58,2.964052908063524
160,0.17843511200002382,-873.43,826.62,3.180153755155625
161,0.1790330120000192,-564.06,597.66,3.0980229444288887
162,0.18067810000002282,-799.9,758.64,3.6426784397669194
163,0.181055614000023,-964.63,955.7,3.944688048077572
164,0.18141026300002494,-649.3,660.66,4.0536174756549705
165,0.1830386770000203,-574.37,605.04,4.047247609844247
166,0.1836357730000202,-949.11,930.26,4.032241182508936
167,0.18536711100001924,-758.98,716.81,4.054297971294185
168,0.18572935600001728,-927.35,908.79,4.005908267378905
169,0.18740356300001793,-963.92,921.14,4.156254676683221
170,0.18906844200001416,-948.56,919.99,4.223319089699764
171,0.19017620200001062,-1046.74,1000.0,4.525390030815642
172,0.1910639010000068,-997.09,976.2,3.9378185465176543
173,0.19155371900000517,-787.92,647.84,3.532156513273635
174,0.1917734540000069,-979.9,963.65,3.5782092733083433
175,0.1920727330000105,-1012.41,989.41,3.535810992912407
176,0.19250541300000634,-982.74,944.28,3.1441728017147654
177,0.19417168700000076,-473.75,471.88,3.7603653035236517
178,0.1949695539999965,-876.67,864.73,3.8189911077301915
179,0.19522405999999393,-404.98,396.9,3.8705429614169544
180,0.19541651399999438,-1017.92,969.55,3.398939140678478
181,0.19706880699999374,-969.95,939.64,3.2508545125004473
182,0.19830871599999256,-1004.21,956.97,3.3251768856316675
183,0.1987418819999931,-980.26,972.78,3.341252334675665
184,0.19911234099998865,-905.13,879.17,3.3559808925168184
185,0.2007294229999914,-934.8,798.06,2.9957735819742934
186,0.2023620119999947,-772.06,740.9,3.4223646406116757
187,0.20401245899999054,-1066.98,889.72,3.069397885448898
188,0.2048234339999908,-1074.6,979.61,3.4495243102445143
189,0.2052823929999903,-398.97,424.96,2.8249003362511274
190,0.20619296699999268,-813.6,793.2,3.2387834543553624
191,0.20787182699999818,-961.14,936.27,2.9408541988552184
192,0.20818912300000392,-1107.51,983.1,3.0268592567677333
193,0.2098524700000013,-1011.38,979.43,3.424469796214555
194,0.21028509900000358,-955.68,926.89,3.4536772177523396
195,0.21165080600000152,-744.16,737.18,3.668795253748754
196,0.21200934999999532,-1096.39,889.01,3.829456222906468
197,0.2135071349999933,-892.98,845.21,3.9818707805567706
198,0.2144084219999911,-1002.69,955.8,4.078354828020561
199,0.21606646399999363,-692.72,669.08,4.3185424654443185
200,0.21661032799999447,-1387.02,989.25,4.358415476645211
201,0.21697746699999243,-645.55,551.3,4.78807767776183
202,0.21795638699998676,-951.92,913.53,4.71308033126573
203,0.21874558599999006,-937.68,903.27,4.80929358100944
204,0.2193127849999854,-916.95,863.72,4.928987003424607
205,0.22022804799998852,-993.23,912.61,5.111168339589481
206,0.2207321179999937,-916.04,910.91,4.951379466448389
207,0.22116594799999945,-503.63,538.72,5.163833664348588
208,0.22164069200000114,-797.7,747.32,5.133206108789255
209,0.22185650400000156,-714.8,744.89,5.69391107880408
210,0.2222401370000071,-1002.92,934.98,5.7772263633719705
211,0.22378251700000362,-427.65,447.91,5.940447538081257
212,0.22399724000000276,-542.52,567.85,6.411768530167197
213,0.22452195500000727,-662.46,654.89,6.38620940473244
214,0.22494490800001188,-609.18,563.08,6.147002402548933
215,0.22622029300001145,-834.44,728.17,6.518427823447982
216,0.22691877700001584,-602.33,551.83,6.486596054795773
217,0.22790047800001645,-821.84,718.08,6.239169738022821
218,0.22826656300001957,-413.76,445.16,5.883596813088796
219,0.22848470000002408,-553.38,552.37,5.44588809813519
220,0.22918118000002607,-679.79,696.75,5.2542254729373905
221,0.22966761300002503,-912.08,795.97,5.011699864860541
222,0.2299233870000208,-655.75,626.36,4.547508250393702
223,0.23084837800001878,-940.66,862.55,4.411653066265672
224,0.23132528700001842,-1012.24,904.27,4.291394244916023
225,0.23247446700001717,-1119.3,957.88,3.757211906323529
226,0.2327825480000172,-1127.21,952.37,3.887871491276234
227,0.23314915800001756,-997.15,990.11,3.970101992743717
228,0.23351850500001348,-667.89,648.56,4.160710477710284
229,0.23377283100001733,-842.4,843.4,4.334846573562541
230,0.23406775800002322,-996.45,997.55,4.192399485564616
231,0.23545209200002404,-991.17,993.0,4.242450358927347
232,0.2359594760000263,-789.49,764.47,4.398968773708554
233,0.2363289350000244,-896.88,842.11,4.6903895311078685
234,0.23704062000002324,-895.32,881.28,4.897814154179633
235,0.23743940700002497,-983.95,971.45,4.943649813888601
236,0.2376828710000254,-995.29,928.09,4.8812936059193435
237,0.2380058280000199,-1047.26,992.47,4.9097716168923995
238,0.23963023500001412,-525.19,546.9,5.092684351690943
239,0.2398654140000147,-1001.04,998.77,4.9753636296722
240,0.24032913900001063,-942.17,879.21,5.356852584486127
241,0.2415993860000114,-440.62,430.75,5.33883172548581
242,0.2419991850000116,-349.96,366.93,5.035759916422172
243,0.24232842000000687,-849.09,846.28,4.817860773568418
244,0.2426947470000087,-751.22,756.2,4.651244330009982
245,0.24349265300001122,-960.5,912.33,4.707559464656955
246,0.24392288100001025,-1079.26,822.98,4.5393278755009145
247,0.2444362350000091,-762.07,742.35,4.3818298242310165
248,0.24516566000001205,-994.67,857.07,4.368856589751358
249,0.2458749030000149,-600.64,539.4,3.962423227461957
250,0.24650320200001374,-1020.15,954.34,3.8399889656301553
251,0.24691102500000994,-1218.46,923.32,3.5368903451269906
252,0.24743923200001205,-930.91,881.59,4.152530993475446
253,0.2482925110000096,-695.13,667.56,4.387113397219771
254,0.24872435200001064,-862.53,764.81,4.6858239016817524
255,0.24920642300001106,-773.07,756.17,4.689696158213488
256,0.24966956800000872,-975.97,934.82,4.863192592774038
257,0.25015452500001345,-1005.92,981.85,4.956556938963847
258,0.2510463720000189,-1022.11,970.92,4.867061683495349
259,0.25150767700001353,-824.21,805.23,5.1579584548358435
260,0.25266791600000715,-569.91,611.02,4.7663036779433625
261,0.2529200680000159,-685.16,624.45,5.142411182127993
262,0.25369364700001285,-845.53,631.14,4.649202608402613
263,0.2540313040000157,-439.29,479.92,4.305841782611237
264,0.2544732480000249,-999.23,974.18,3.8789747445449825
265,0.2549117490000299,-788.19,779.63,3.751759990010406
266,0.2553441790000335,-1043.09,971.82,3.5561872590160193
267,0.2567633240000333,-631.77,655.34,3.5069252714055765
268,0.25715017000003115,-832.36,728.32,3.575373898303387
269,0.25769167600002163,-493.72,486.82,3.7060038551884724
270,0.25808279000003154,-423.34,469.75,4.133962278606125
271,0.25851061800003095,-713.66,695.92,4.101938256048508
272,0.25899848500003486,-743.93,728.8,4.244514001355021
273,0.25977360400003136,-936.49,755.16,4.361320553803536
274,0.260031283000032,-977.87,795.82,4.740797706390209
275,0.2608457660000312,-864.27,829.49,4.8716922263246065
276,0.2611311270000414,-359.19,389.59,5.040890240613574
277,0.261530067000038,-578.03,567.15,4.977947933732607
278,0.2619453410000432,-311.46,292.56,5.004894219978388
279,0.26221624500004737,-172.11,169.7,4.9845332315706035
280,0.2624196510000587,-282.28,318.39,4.606413926899516
281,0.2636144540000629,-665.73,689.93,4.6847689207687875
282,0.26403640800006656,-785.89,799.62,4.837710185600931
283,0.26432469200007347,-287.74,333.08,4.649613702830773
284,0.26465789300007714,-409.8,358.04,4.472474687479328
285,0.2653225850000638,-597.77,625.71,4.523183966203634
286,0.2655568050000596,-598.59,625.08,4.929815803294934
287,0.26622644800006867,-374.42,373.88,5.067404932902226
288,0.2666686970000711,-289.05,338.46,4.807609583277333
289,0.267084096000076,-401.08,422.46,4.668412896351714
290,0.2673164730000792,-453.1,493.75,4.73819321095719
291,0.2681837750000824,-425.53,492.08,4.4481741291080885
292,0.2685452230000891,-682.89,720.97,4.40141100014075
293,0.269143148000083,-286.13,312.85,4.557592892916556
294,0.2695732740000807,-962.85,945.03,4.371705009704536
295,0.26998368500008496,-576.67,610.0,4.530945036311955
296,0.27083748500008653,-903.71,890.4,3.966561075014719
297,0.27121086300007846,-992.0,993.62,4.0049525297151956
298,0.2718041770000781,-271.22,335.31,4.1832244065792725
299,0.2720616170000767,-356.05,378.15,4.224784787122098
300,0.272310541000067,-442.82,460.4,4.217555789657104
301,0.2727231460000752,-764.89,744.31,4.267856795443243
302,0.27305157000007796,-428.11,484.82,4.190324990837495
303,0.273362719000076,-153.06,208.62,4.143735592285826
304,0.2735425720000677,-687.94,709.31,4.3240680924532695
305,0.2739475700000753,-251.43,316.67,3.9481896967983827
306,0.27413132400006646,-159.89,234.22,3.7854388733665454
307,0.2743025360000644,-150.14,191.21,3.6980944745330064
308,0.27449134300006506,-174.61,224.22,3.6835381296755907
309,0.2747514550000716,-298.62,364.74,3.447362736209712
310,0.2749286950000851,-398.39,460.67,3.6125305147279776
311,0.2751379120000763,-117.74,175.2,3.6029838072806823
312,0.27550125300007267,-174.77,248.28,4.073715269907194
313,0.275753415000068,-206.58,274.56,4.017096550124512
314,0.27593953800005977,-474.97,511.2,4.178248092795411
315,0.2761443630000713,-306.86,369.89,4.538465485354086
316,0.27634973200007096,-86.17,153.79,4.720570651308459
317,0.27649505900006943,-8.81,81.56,4.83853291365232
318,0.27666142000006744,-92.89,158.93,4.751515038836695
319,0.27687682800006996,-65.63,126.25,4.877005094862345
320,0.2770108830000737,-86.88,164.59,4.7413962415567354
321,0.2772435500000796,-56.46,120.54,4.73642555755617
322,0.2773910510000803,-35.01,111.51,4.0661611004590785
323,0.2775696890000887,-86.37,149.17,3.9330232463144936
324,0.2777313580000964,-15.3,75.11,3.792574015444354
325,0.27788161100009745,-28.37,95.1,3.5110490760612336
326,0.2781165260000904,-125.28,193.22,3.596603358757954
327,0.2783093820000886,-70.88,127.75,3.446293440084152
328,0.27849167600008684,-84.67,154.17,3.63814440131273
329,0.27879333900008874,-64.53,131.57,3.804439826580861
330,0.27896827200008545,5.58,69.63,3.8236523369506394
331,0.279230771000087,-33.97,108.25,3.860370669603911
332,0.2793955130000825,-6.36,77.64,4.388133190272473
333,0.27954212200009465,-293.23,350.18,4.4245617307087235
334,0.2799414510000844,-182.3,246.79,4.442398772085656
335,0.2801495360000814,-46.66,95.38,4.3888691035947485
336,0.280304634000089,-99.84,140.27,4.312828402429488
337,0.28049197200009246,-51.03,118.1,4.279734980879957
338,0.28062725300009106,-43.04,115.35,4.232769535024308
339,0.2807944620000882,-114.95,176.57,3.8988496999050897
340,0.2809518720000881,-56.64,115.59,3.9266230569307927
341,0.28116023000008283,-291.9,315.04,3.8881720122860797
342,0.28137837400008436,-36.42,98.72,3.4770312280639275
343,0.2816258530000795,-154.8,181.67,3.9729477532884117
344,0.2817646970000851,-254.86,263.84,3.948990577074474
345,0.2819345310000898,-92.11,144.45,3.7828493871260824
346,0.2821875460000882,-129.54,162.21,4.02951497044131
347,0.2823502250000871,-66.87,124.61,4.063928890783982
348,0.2825082980000815,-61.31,122.94,3.8814404378457197
349,0.282760154000087,-421.03,420.22,4.264857257231458
350,0.2829189330000901,-60.28,110.6,4.407301473587228
351,0.28304337300009763,-20.98,91.56,4.482759520326558
352,0.2831806540000912,-30.5,105.34,4.497236730457296
353,0.2833501760000985,-100.07,166.98,4.090673467976674
354,0.2835322180000901,-75.12,133.85,4.072355622271387
355,0.28377629200009835,-27.7,101.14,4.451604020364189
356,0.28397567000010326,-104.65,121.04,4.332062779219969
357,0.2841651210001146,-62.5,104.84,4.301615274876556
358,0.2846728910001133,-299.81,299.58,4.476293327724636
359,0.28514709200011623,-108.84,171.52,4.3769363031408925
360,0.28529370500011453,-416.8,466.27,4.069424316580628
361,0.2855742880001202,-49.64,112.52,3.900719306701368
362,0.28577609500011647,-93.11,149.4,3.9624553514617857
363,0.2860061650001029,-364.03,428.6,4.115407041150544
364,0.28618065800010584,-82.3,150.81,3.889363474027584
365,0.2863469600001025,-29.59,101.24,3.7098705157296963
366,0.28651426400010394,-52.27,122.79,3.5429229923771097
367,0.2866750410001089,-274.51,303.57,3.568885781124166
368,0.2868243080001065,-20.25,83.4,3.3458089733261263
369,0.28696776200010277,-61.41,106.89,3.499156080413955
370,0.2871888230000934,-3.3,65.17,3.55177319708653
371,0.28740536300010433,-333.84,338.6,4.009584467546605
372,0.2875724670001034,-45.24,118.19,3.7952244931043757
373,0.2877278630001001,-93.16,159.25,3.7205624695052237
374,0.28787883500010025,-17.48,94.94,3.8689453385092727
375,0.2881453950001003,-15.49,86.18,3.879048258096885
376,0.28832513700010054,-26.77,83.25,3.8571311715071572
377,0.28850636800009966,-101.03,154.73,3.8925409673486384
378,0.2887085660000963,-17.85,71.47,3.8880781763355996
379,0.2890231340000895,-17.84,81.9,3.7348165213221796
380,0.2892373390000813,-17.2,91.11,3.806515562685599
381,0.2893974290000898,-39.86,104.16,3.4173457801243243
382,0.28956449500009285,-23.27,94.5,3.643574883423843
383,0.2897145340000975,-50.29,108.17,3.653533225942651
384,0.28987921700009167,-55.68,124.15,4.118610598856604
385,0.2900849480000858,-412.19,474.58,4.0588343979161605
386,0.29031097300008923,-48.83,118.65,4.019980151927685
387,0.2905406010000888,-35.5,103.98,3.6589142577593163
388,0.2906805540000761,-24.69,97.13,3.9489052927684596
389,0.29086494400007723,-10.94,81.97,3.9029072251164107
390,0.29101586900007703,11.27,63.22,3.9193357466978846
391,0.2911670740000858,-8.83,78.01,4.119648818982753
392,0.2913149980000753,1.58,66.45,4.076282166814298
393,0.29153459900007306,1.56,64.45,3.8444261928243386
394,0.2917087920000654,-22.5,89.21,3.3935339170202012
395,0.2918695900000614,-4.93,66.03,3.5935221073787504
396,0.29202766800005975,3.33,65.69,3.8284822884508953
397,0.29221538900006294,-20.44,80.67,4.426287741275102
398,0.2923593500000692,-0.26,67.91,4.47283086463735
399,0.2924791870000689,9.42,65.1,4.503919228935093
400,0.29266850700007296,-10.04,74.63,4.7872819977754135
401,0.29283468700006665,1.56,70.53,4.594437978296428
402,0.2930066100000772,-16.01,68.96,4.5339196862732205
403,0.29316276300008326,-23.3,83.92,4.847323915938029
404,0.293349790000093,3.9,66.68,4.814277470390168
405,0.29347919800008526,3.93,64.91,4.590856232933161
406,0.2936093630000869,1.5,66.97,4.466479729206862
407,0.29377197000009403,10.27,67.74,4.346748713093557
408,0.29390301000009345,11.54,64.29,3.958149926250863
409,0.29409489300009284,-9.29,78.19,4.000937043759706
410,0.29426265000009266,4.65,66.74,4.044622862378337
411,0.29440736300009007,18.36,65.15,3.8685111590966876
412,0.2945386230000935,-2.47,66.48,3.936455555170755
413,0.2947343450000943,9.94,67.25,3.713257638434996
414,0.2949066080001046,7.38,66.18,4.093185209891773
415,0.2950753160000943,-4.24,71.43,4.32535004700637
416,0.2952771420000886,8.97,65.23,4.51359395865802
417,0.29546412800009136,10.12,65.32,4.373703411131784
418,0.2956055580000907,12.4,66.02,4.880432866949105
419,0.29572996100009163,11.76,65.74,4.930671625171563
420,0.2958964100000827,9.21,66.75,4.626028329074703
421,0.29603876400008744,-2.98,74.91,4.876189137764632
422,0.2961947800000928,14.11,65.07,4.839936582536227
423,0.2963805450000905,-1.88,73.17,5.036801698791526
424,0.2965466220000934,15.82,65.2,4.929788154980546
425,0.29669727600008855,11.76,65.64,4.966604211520897
426,0.29686052200008817,6.42,67.59,4.71918140114815
427,0.2969985130000907,10.26,66.08,4.894407064913852
428,0.29712498100009554,9.74,66.95,4.440713123172874
429,0.2973086520000976,15.54,64.45,4.219641011091779
430,0.29748503400008985,9.1,65.98,4.02604685708864
431,0.2976761960000971,3.15,67.5,3.8505385908527314
432,0.29791612000009593,5.57,66.62,4.065334978767299
433,0.298227477000097,10.67,65.66,4.079197991611326
434,0.2988354790000898,11.64,66.28,3.8849882372450977
435,0.2992117920000794,5.65,67.89,3.967591883870388
436,0.2993596470000881,7.22,66.71,4.250904117751473
437,0.29951395800009095,10.96,65.91,4.21835302328237
438,0.29971059000008893,11.88,65.56,4.178086261757642
439,0.29985829300008504,11.06,64.72,4.472112137291262
440,0.29999943500008897,7.14,66.03,4.563407066854594
441,0.30032917900008727,6.39,65.58,4.814268413595654
442,0.3005023870000798,12.03,64.11,4.859742858076848
443,0.3006875310000794,8.81,66.36,4.862968538817184
444,0.3014062800000801,9.08,68.2,4.97492689370158
445,0.3015596330000818,10.85,65.29,4.485892455938559
446,0.30169160100007275,10.4,65.22,4.098681187300336
447,0.3018362320000705,7.52,66.19,4.065864954385807
448,0.3020324180000671,12.98,66.7,4.262186368060331
449,0.30219308300007697,-2.8,70.89,3.858274270407051
450,0.3023457100000826,-4.34,68.98,4.13934551581257
451,0.30248104800008946,-3.81,68.56,4.292403579190976
452,0.3026752800000878,2.19,65.64,3.9314405914448054
453,0.30282568300007995,10.31,65.15,3.8869825280956585
454,0.3030198970000697,5.21,68.4,3.9278401223332535
455,0.3031427190000784,11.96,68.27,4.407265367268701
456,0.30329088000007687,11.79,65.08,4.636552346127563
457,0.3034485450000801,2.14,71.41,4.398600137736198
458,0.3036165370000816,2.64,75.43,4.21181816942985
459,0.303774727000075,11.18,65.38,4.459245644980776
460,0.303907694000074,13.61,63.87,4.232416829507646
461,0.3041053450000675,10.05,65.29,3.9762113161334938
462,0.3043297590000691,13.52,65.22,4.3940117784382
463,0.304515103000071,12.45,66.18,4.243559558665201
464,0.30468418100007,1.21,70.55,4.157516764625158
465,0.3048355370000593,9.11,66.78,4.077852856916563
466,0.30496623300005865,6.5,67.3,4.358969419454576
467,0.30514399000006165,9.13,65.73,4.533003264541746
468,0.3053239910000656,13.06,65.25,4.707044586619193
469,0.3054622170000698,12.38,64.53,4.962218818419537
470,0.30566599900006963,16.31,65.13,5.079999877706368
471,0.30582170100007033,11.43,65.32,5.35946746586002
472,0.3059567600000719,8.81,66.47,5.283011867907012
473,0.3061470010000704,3.84,66.39,5.267232996051041
474,0.30629710100006946,3.12,66.93,5.439806700612733
475,0.3064261870000706,9.06,67.28,5.132832047394784
476,0.3066134580000721,1.72,69.6,4.628931863427859
477,0.30675542600008043,0.07,74.73,4.648514023665677
478,0.30692300200007594,-10.74,74.8,4.526081794626725
479,0.3070917420000825,9.25,68.54,4.165008228439681
480,0.30730367800008196,4.03,66.48,4.197509347018694
481,0.3074428260000701,10.39,66.32,3.9219731995737384
482,0.3076224290000624,13.02,65.29,3.652509244261952
483,0.3077954940000609,9.59,65.3,3.5947329471415927
484,0.3080004560000589,12.45,64.6,3.5919166108944673
485,0.30813056800005256,7.61,66.27,3.5550338834676807
486,0.3082611060000602,7.48,66.65,3.9209141790498534
487,0.30841911800006017,9.21,65.81,3.6932852991460066
488,0.30860798700005887,10.56,66.15,3.968110476317766
489,0.30880046700005437,10.19,65.6,3.8341953322338567
490,0.3089578040000447,5.56,68.52,3.6895515033460766
491,0.3090961060000552,12.98,65.33,3.6722016212762996
492,0.3092249410000534,6.08,67.2,3.9259150029231726
493,0.30937263600006304,-1.04,68.98,4.018107322587734
494,0.30955738600006555,8.18,66.99,3.7540642300377085
495,0.309724415000062,12.08,66.91,3.825249173283273
496,0.30987063900006717,9.96,66.5,3.4490994768460346
497,0.3099952000000741,11.35,65.4,3.433390325693631
498,0.3101458440000613,6.32,66.4,3.4885615852080596
499,0.3103051820000644,5.56,66.15,3.894661536455314
500,0.31042193200006807,5.08,66.91,4.040330086999441
501,0.31059689400007073,9.57,65.24,3.968346949550097
502,0.31077607800007456,6.98,66.19,3.845366056153734
503,0.3109299490000694,12.55,65.57,4.207319583084265
504,0.31107045100006303,8.38,69.14,4.518061896001682
505,0.3112410470000526,9.9,66.6,4.755015773147745
506,0.3113865850000508,4.69,67.52,4.895843391992088
507,0.3115367820000472,7.58,66.86,5.123016411865547
508,0.3117237450000374,6.01,65.98,4.7656201309100235
509,0.3118629180000312,13.08,66.38,4.5902938623021
510,0.3121798180000326,-1.19,72.5,4.766435323511201
511,0.3123615260000321,11.02,66.06,4.732700229155495
512,0.3125662130000251,9.72,66.18,4.542390202789815
513,0.31364614400001756,11.27,64.61,4.307264044504521
514,0.31385128400002316,-2.7,67.38,4.065580721925435
515,0.31403466300002947,14.05,65.29,3.964431900023502
516,0.3142057320000191,4.76,68.75,3.8343175891555448
517,0.3143597630000272,6.16,65.8,3.7439488472400106
518,0.31448206600002493,3.69,69.44,3.776771440576353
519,0.3146615610000367,5.42,68.75,3.709945412381667
520,0.3147984290000352,13.66,64.5,3.4006630348811884
521,0.3149446990000371,10.39,65.25,3.4029406959313055
522,0.3151506940000388,10.46,64.65,3.557397936015133
523,0.3171291520000352,8.17,66.38,3.6336895217258283
524,0.31729978900004596,-11.81,83.39,3.788413890107609
525,0.3174663810000453,5.4,66.99,4.1074449814023595
526,0.31759829600005673,-43.53,105.03,4.523708623300879
527,0.3177570150000548,5.99,65.62,4.309288232542176
528,0.3179197710000494,-10.4,77.44,4.490220214863482
529,0.31808958800004916,6.24,68.34,4.625491615806849
530,0.3182627520000523,-19.86,78.66,4.566632928297634
531,0.3184017400000556,-11.64,71.32,4.530664971537602
532,0.3185310440000535,11.74,65.62,4.7714367655329495
533,0.31867278700005386,18.43,64.39,4.80796017134328
534,0.31887123100004544,10.79,66.43,4.938882638993168
535,0.31901201800003776,-18.76,83.25,4.821433951828891
536,0.31916918200003863,7.63,64.73,4.703160965664936
537,0.3193151880000471,-11.89,77.35,4.782544501892206
538,0.31952058000004513,1.94,74.37,4.749627005729992
539,0.31970604900004673,6.1,66.24,4.823538333096607
540,0.3199036870000356,4.37,65.88,4.981511155192409
541,0.32008323000003713,0.14,70.75,5.18396003449912
542,0.3202740230000387,-27.18,84.8,5.1030788266637215
543,0.3204243840000487,-9.63,83.82,4.764566517129512
544,0.32056534400004466,-15.17,76.26,4.460428840365345
545,0.32072242900004255,0.34,74.28,4.414859212780252
546,0.3208595850000364,1.5,74.99,4.256411914940406
547,0.3210142610000304,9.83,64.3,4.154375407943286
548,0.32115712100002725,-4.99,74.56,3.9635266221527674
549,0.3213181310000266,-4.91,74.47,3.86247028063075
550,0.32147299000001794,-5.77,77.14,4.0680209241953245
551,0.32159291800002165,11.05,65.42,4.026172725784237
552,0.32171747500002823,5.23,65.75,3.731805524966559
553,0.32186737200002824,15.08,63.8,3.8168379001578905
554,0.32201636600002814,8.61,69.59,3.90910743623716
555,0.3221507820000369,9.44,65.78,3.546995475521021
556,0.3223112160000454,15.87,65.32,3.3806194040670086
557,0.32242394100003935,-2.46,73.98,3.53616373675768
558,0.3225742580000315,12.75,65.13,3.4916191714230775
559,0.32271570700002883,-0.09,74.1,3.606890002147485
560,0.3228685620000249,-20.2,85.08,3.199764970537351
561,0.32304895900001895,-15.95,82.18,3.415115714772047
562,0.32317413500001635,9.24,65.02,3.4897346606230095
563,0.3233461130000137,3.62,65.27,3.4398321987906852
564,0.3235055330000165,-4.5,74.95,3.3442335066541125
565,0.3236418300000139,1.7,65.78,3.684707689901825
566,0.323811529000011,5.19,65.13,4.0172138240636865
567,0.3239713850000072,10.57,65.98,4.1033633691783615
568,0.32409564100001376,2.76,66.48,4.074909589585316
569,0.3242451840000058,1.91,74.38,4.070653360238252
570,0.32440751299999704,-7.87,74.32,4.10473062269377
571,0.3245812990000019,11.25,64.45,4.081108828783783
572,0.32474444000000346,-17.75,74.7,4.029884205591493
573,0.3248765940000027,7.26,65.03,3.973720683050165
574,0.32501327500000343,-8.25,75.5,4.144480546212324
575,0.325162717000012,10.51,66.66,4.160350973095424
576,0.32535876500000427,-2.81,75.79,3.80578487590047
577,0.3255137849999983,-8.88,75.51,3.791942719992279
578,0.3258137570000059,-9.97,76.36,3.8045097363877884
579,0.3259569970000058,1.01,73.44,3.8923960010176026
580,0.3261363030000126,14.43,64.28,3.846022814121786
581,0.32631271100001413,5.93,64.61,3.543516527557716
582,0.3264678670000052,12.07,64.66,3.848804790043625
583,0.32666898800000865,1.19,73.98,4.112897713805083
584,0.32681608400001494,4.42,73.65,4.118688493280262
585,0.32699620700000764,11.17,65.35,4.115711875973474
586,0.32714241000000754,10.65,65.03,4.469411084830078
587,0.32731899499999884,7.75,65.9,4.445973156428236
588,0.3274527570000032,2.06,67.73,4.623635718249632
589,0.32761516800000834,15.14,64.23,4.5722528676911836
590,0.3277591080000093,8.46,65.34,4.852092053557788
591,0.3279150919999978,11.92,65.33,5.078908023409292
592,0.32805080900000405,12.1,65.98,4.711221863629567
593,0.3281810120000017,13.91,65.03,4.631713146962623
594,0.3282982409999988,7.43,66.49,4.686525997629616
595,0.3284312109999945,13.59,64.78,4.534599125629554
596,0.32855994099999464,6.52,67.04,4.321713852566658
597,0.3287049489999987,12.55,65.48,4.521883123935801
598,0.3288333449999925,14.23,64.49,4.661993578469199
599,0.3289686109999934,5.89,66.65,4.334779869271392
600,0.3292244439999905,7.03,66.22,4.130730184578916
601,0.3294003209999943,8.88,65.18,3.7872038171002784
602,0.3295447099999933,9.82,64.71,3.7368342983320866
603,0.3296675689999944,13.98,64.08,3.8338205253457858
604,0.3298132890000005,11.74,65.7,3.914008633729766
605,0.3299390770000059,6.2,66.98,3.6806655249182705
606,0.33009123700000487,10.04,66.05,3.730862497263516
607,0.3302547320000002,9.82,65.2,3.6266399480506237
608,0.3303780189999941,7.36,64.95,3.270475845635528
609,0.330555302999997,8.19,66.2,3.658107221499209
610,0.33068820699999435,8.25,67.13,3.616607108127906
611,0.3308229299999965,13.89,64.66,3.6035184388748775
612,0.3309568579999933,8.46,66.19,3.6112433341568733
613,0.3311226980000015,9.99,64.78,3.4234296319895576
614,0.3312824300000017,9.98,65.64,3.2596387945859475
615,0.3314991390000017,9.63,64.7,3.435688398589157
616,0.33162170300001037,4.55,67.43,3.4388663359667277
617,0.3318223330000052,6.45,67.93,3.5053742461898083
618,0.33201498900001525,7.08,65.93,3.5109179310657987
619,0.3321859960000211,8.29,67.46,3.038841921500616
620,0.332354711000022,7.59,67.06,3.2088991501067445
621,0.3324827210000194,4.19,68.6,3.2561765843557864
622,0.3326329510000221,8.99,66.48,3.4657771703218905
623,0.33275132200002133,10.83,67.28,3.3738888123397883
624,0.3329186270000264,6.17,68.87,3.3311453319803435
625,0.3330915210000285,0.62,71.45,3.2010277352925827
626,0.33323031500002287,12.19,65.93,3.0301592073760353
627,0.33344743900002527,12.38,64.87,3.0479052776140168
628,0.33359258900001976,9.72,65.87,2.974797027348161
629,0.33373509800001955,12.85,65.69,3.1769300888040446
630,0.33391530300001193,11.23,64.88,3.163407507290036
631,0.3340644560000072,13.76,64.63,3.11423750856204
632,0.33419935599999917,13.65,64.9,2.963922113954493
633,0.33433770300000276,7.65,66.23,3.255581220656988
634,0.33448645500000396,11.53,65.78,3.035716869485205
635,0.3346046879999989,5.39,70.11,3.4207831202161936
636,0.334730522000001,10.7,64.81,3.7480112756871344
637,0.33490395699999453,7.5,65.0,3.7537150755789996
638,0.33508853800000793,0.33,74.53,3.7958791129572007
639,0.3353862809999981,12.08,66.46,3.6048473563483006
640,0.3355509339999969,6.22,66.21,3.422256608675249
641,0.3357176829999986,11.94,65.6,3.686252207623144
642,0.3358724610000081,10.22,64.89,4.028296586458247
643,0.33603162200000725,-0.79,74.63,4.047328676071616
644,0.3361830290000114,11.52,65.71,4.3345166188503494
645,0.3363014870000143,11.72,66.15,4.27269634691283
646,0.33645685200001196,6.29,65.67,3.9297693277650487
647,0.3365832200000227,11.03,65.26,3.5347882662449344
648,0.3367157640000187,2.75,67.38,3.57436566498954
649,0.33687907500002723,7.63,67.23,3.6150281949605456
650,0.3370226000000258,-2.28,74.25,3.5576559685405846
651,0.337173665000023,6.56,67.98,3.8410510333070738
652,0.3373008360000256,6.95,66.36,3.6048924220540455
653,0.33744078300001945,7.68,69.37,3.3014643090034723
654,0.3375957850000333,12.41,64.85,3.4251787275630434
655,0.33775112200002866,11.75,65.65,3.231359907105724
656,0.33790363200003526,9.79,65.03,3.281588940072435
657,0.338060314000046,4.92,66.71,3.6875309499619418
658,0.33818948800005444,4.08,66.97,3.912129355220818
659,0.33834240500004853,11.74,64.59,4.1805506619103525
660,0.3384831260000567,11.94,65.35,4.163158749220694
661,0.3386460440000576,8.34,66.91,3.641727540989617
662,0.3387817630000569,14.77,64.51,3.5585998732304747
663,0.3389056940000472,11.34,65.51,3.981945551936144
664,0.33904987500005745,6.5,66.48,3.6431915205678918
665,0.3391805340000644,17.23,64.5,3.9109473481003247
666,0.3393378510000673,9.99,64.93,3.8698844105657058
667,0.33948547800007134,8.41,65.79,3.491470287894317
668,0.3396151490000676,11.07,64.56,3.5776822732687017
669,0.33975851300006354,12.09,65.79,3.292619083747932
670,0.33991435300006856,9.02,65.67,3.6399746687789167
671,0.34005763300005754,7.2,64.77,3.635131529388859
672,0.34023020000005033,2.63,73.84,4.0135005732632125
673,0.3403809960000501,2.16,74.41,3.8111713416728934
674,0.34054544200004955,10.1,65.52,4.161847717626964
675,0.34070373900004824,2.13,75.42,3.6892383516705194
676,0.3408743700000514,6.46,65.63,3.7669238627632082
677,0.34101299100005633,-1.61,73.84,4.143096457493807
678,0.34115460800005337,3.79,73.71,3.8683106809901746
679,0.3413231080000543,-8.5,79.27,3.8973280834994406
680,0.34148711500004936,6.99,66.45,3.5680069012358677
681,0.34163807000005875,1.21,75.04,3.5883249740567322
682,0.34180446700005973,1.44,75.16,3.072523944831416
683,0.3419575980000644,-59.51,107.77,3.115431079230921
684,0.34214345100005517,-40.34,93.98,2.701843003419307
685,0.34241262000006145,8.91,65.48,2.8931113172128966
686,0.3425981830000637,-26.08,94.14,3.051118403213475
687,0.34273461800006544,-15.72,84.02,3.0098085963863848
688,0.34293013400007055,16.1,65.27,3.2781834685412266
689,0.3430690220000656,11.29,65.55,3.3246851807649973
690,0.34321102400006964,8.38,66.29,3.718573262932773
691,0.3433686800000686,14.53,65.22,3.722026335120714
692,0.3435374900000596,-16.88,91.87,4.111362138967496
693,0.3436880130000617,10.86,64.81,4.253590680615238
694,0.34387385700006234,7.62,65.66,4.468950398314139
695,0.3440259780000616,-2.88,75.54,4.396551751219068
696,0.344173542000064,12.81,65.22,4.248020150047236
697,0.34431833600007167,-0.93,73.78,3.889701260465287
698,0.3444815400000607,-1.24,76.32,3.7231229297532638
699,0.3446342280000607,-3.41,75.37,3.6305822441871216
700,0.34478907700005834,14.14,64.96,3.648736412838283
701,0.3449542150000582,15.62,65.63,3.6902665620498185
702,0.345089006000066,-12.1,84.86,3.256863843453627
703,0.3452264150000701,1.92,73.85,2.8080806298323977
704,0.3453861320000726,-0.79,77.72,2.9632732482563013
705,0.3455076290000818,4.29,67.47,3.133545281435652
706,0.3456546120000894,8.19,66.33,3.027968902080392
707,0.34580403300009266,14.24,64.93,3.0365708948843126
708,0.3459627440000901,9.62,65.79,3.1414948814141725
709,0.34611033500009114,8.03,68.77,3.4803974421800903
710,0.3462472300000883,13.34,64.84,3.0661908328755985
711,0.34639145500008794,4.97,65.77,2.997860929257937
712,0.34656105400007675,0.89,73.94,3.018619766951989
713,0.3467262620000895,12.32,65.86,3.4072005515778216
714,0.3468817930000796,7.79,67.09,3.322670669233328
715,0.34705675800007896,-15.5,85.09,3.275204869343569
716,0.3471894330000822,12.06,66.25,3.466574773279465
717,0.3473447060000865,7.95,66.79,3.898983355379687
718,0.34750252500008116,0.17,74.87,3.5595562011403414
719,0.3476882460000752,-19.44,92.6,3.7408205439159743
720,0.34786487600007376,-1.92,74.9,3.677860857951118
721,0.34800632300007805,-3.03,74.65,4.051538788261979
722,0.34816594500007625,12.6,65.25,4.138617703922717
723,0.3482959760000739,9.6,65.03,4.084429532352627
724,0.3484544140000736,-4.19,74.07,4.083107676412174
725,0.3500553210000703,4.75,66.69,4.111971980317706
726,0.3502154850000636,10.28,65.47,4.352152949231423
727,0.35035021300005553,10.88,65.68,3.9260322260197844
728,0.35051820000005307,10.07,64.48,3.994017455709721
729,0.3506982840000603,6.08,65.35,3.7526568066266437
730,0.3508355690000542,-5.56,75.29,4.161325271717118
731,0.35100930100004746,-3.44,74.69,4.045838149036318
732,0.3511439400000427,-4.7,76.1,4.053603387183253
733,0.35128008300003444,-1.7,76.94,4.056490576434379
734,0.35139697800002523,-0.53,76.36,3.7624344585237592
735,0.35151448900002435,13.18,65.65,3.4611145433356127
736,0.3517551840000124,-0.84,75.18,3.279176308244975
737,0.3519456630000093,11.74,63.4,3.5729998800813534
738,0.3521142529999963,-1.67,75.66,3.8226294096344398
739,0.35224689700000056,13.19,65.07,3.858037918123678
740,0.3523809680000056,-2.26,74.81,3.7151393137446673
741,0.3525468570000072,8.36,65.46,3.795879540217526
742,0.3527238950000111,12.82,64.29,3.7250921271356505
743,0.35285848500001293,8.07,65.83,3.528263693030948
744,0.35298992000001306,7.46,65.32,3.664158069534628
745,0.35315106500002,11.03,64.35,4.024658921519514
746,0.35329766600001733,0.93,74.89,3.7210417565392064
747,0.353430904000021,9.94,66.29,3.6384589175668127
748,0.3536090840000128,-1.47,74.28,3.733465849311738
749,0.35374220300001014,-1.24,74.45,3.7724902478841678
750,0.3538744140000034,-13.24,83.93,3.529439122835908
751,0.3540412059999909,10.32,66.1,3.1233851021959285
752,0.35417720099999883,-1.35,75.48,3.233349822693936
753,0.3543207710000047,10.7,65.52,3.038734941437231
754,0.3544636940000032,8.37,66.09,2.8602330593705068
755,0.3546228809999974,11.84,64.36,2.8795620155368113
756,0.3547691509999993,0.11,73.79,3.253514874432966
757,0.3549151560000041,-1.48,74.67,3.1155385555154025
758,0.35507630900001175,10.8,65.67,3.1803537355581
759,0.35524838600001374,6.03,72.74,3.061753378407991
760,0.35538464600001873,-0.81,74.16,3.2438107478795883
761,0.3555576700000245,12.62,64.65,3.2698610625091247
762,0.3557019150000258,-7.0,73.05,3.06946667151603
763,0.35585384500002704,8.13,67.82,3.4319167426753205
764,0.35597605000002375,-0.81,74.98,3.8604765675634143
765,0.3560946510000349,6.52,65.86,3.4876758005090664
766,0.3562488040000318,6.3,66.07,3.2533122624701476
767,0.3563885020000299,-2.15,75.17,3.4184812751697633
768,0.3565281550000208,9.4,65.49,3.383861457235222
769,0.3566842260000129,3.07,74.38,3.179289740367662
770,0.35681455600001755,8.81,66.34,3.5661915036359444
771,0.35695915900002717,6.31,69.52,4.188129000466209
772,0.3570931590000299,6.41,65.18,4.4375715657347525
773,0.3572426860000206,7.9,64.37,4.176479778675761
774,0.35740391900002066,3.87,67.65,3.6849530585804486
775,0.35754738300002487,5.92,64.62,4.125025481636483
776,0.3576890890000186,8.99,66.54,3.9080465688567565
777,0.3578498090000295,8.71,65.81,3.713323522147455
778,0.35799982000003183,5.21,67.58,3.30837273317493
779,0.35814486300003523,11.53,66.06,3.1955392014160777
780,0.35833489200003044,6.14,66.66,2.781413635194855
781,0.3584794840000285,10.54,65.88,2.1290616911903113
782,0.3588267730000325,10.48,67.3,2.3003232185478835
783,0.35896286000001965,14.56,65.12,2.500014676914959
784,0.35912791100003005,12.01,64.03,2.4849686979796437
785,0.3592938320000343,15.38,64.81,2.439042431767039
786,0.35945218900003795,12.2,65.76,2.5717426215573296
787,0.3595909750000317,1.93,66.43,2.6201269804867513
788,0.3597461420000343,6.42,68.42,3.068801622152737
789,0.35993931500003384,12.05,64.51,3.2647593709741036
790,0.3601307740000266,7.29,66.35,3.4460797794529063
791,0.3602810020000362,7.66,66.27,3.462676005142312
792,0.3604274830000378,12.54,65.07,3.4452435194918345
793,0.360606721000039,8.95,64.75,3.5146989451242305
794,0.3607310100000376,9.01,66.96,3.7707912865646427
795,0.36088978100004,13.44,65.23,3.8264431411653748
796,0.361054085000049,-276.97,304.03,4.144162565707418
797,0.3612551520000551,-13.41,87.01,4.060817894423939
798,0.36141830500004346,-12.64,82.88,3.6748567095534455
799,0.3616259130000543,7.21,67.83,3.798841804863001
800,0.3617576810000571,10.44,65.98,3.412713550817849
801,0.36188689500005466,6.39,67.08,3.597922383031007
802,0.36206801200005145,6.67,65.3,3.5036538257407033
803,0.3622541920000515,5.79,70.41,3.121595796898838
804,0.3624004130000458,10.51,65.59,2.9421438642413524
805,0.3625537710000515,6.58,65.34,2.833947023519967
806,0.36270867600003953,9.56,65.12,2.6995446169599004
807,0.36288304600003585,12.37,66.06,2.6474823577501594
808,0.36301760200004196,11.0,67.03,2.6846007821914304
809,0.3631702390000413,15.39,64.91,2.5590266844779945
810,0.3633249740000366,6.74,70.23,3.26652793195016
811,0.36348864400002867,6.0,64.9,3.4069621809159236
812,0.36360339600003044,9.52,65.44,3.182668731221046
813,0.3637578730000399,9.4,66.13,3.7009422153816742
814,0.3639102500000462,12.65,67.14,3.738525398406425
815,0.3640671210000477,10.56,64.46,3.76251061030196
816,0.364189112000048,3.0,69.34,3.4838114019952635
817,0.36434098100005485,13.83,65.03,4.093505609870869
818,0.3644970090000612,6.09,68.09,3.929790786356383
819,0.3646372010000647,13.51,65.68,4.018165246673645
820,0.36477632500005086,6.47,67.36,3.419074253134184
821,0.36491545900004496,-1.1,68.58,3.409769046013378
822,0.36507780200004447,17.33,64.94,3.826403250716276
823,0.3652174050000383,9.73,65.51,3.6778566187864428
824,0.3653350280000467,10.1,65.56,3.6266742785410573
825,0.36551745000005553,10.88,67.17,3.6721830121962875
826,0.3656411560000521,10.61,65.91,3.830372637164648
827,0.3658399060000477,8.2,64.82,3.542348659671132
828,0.36598651800004234,8.9,64.09,3.9799796098134856
829,0.36618752100004315,0.81,69.96,4.092074819879586
830,0.3663907810000495,8.55,66.74,3.99739475527291
831,0.36650451900005976,6.52,66.09,3.9144115847990752
832,0.3666691860000526,11.47,65.89,3.677579826379585
833,0.36683632000004707,9.31,66.08,3.798226555686287
834,0.36698970200005476,14.92,64.29,4.092696253732479
835,0.3671345110000601,7.43,65.69,3.6949670890069433
836,0.367285751000054,8.79,67.05,3.619060656784787
837,0.36743976500005715,0.57,68.72,3.3416014460949164
838,0.3675674860000555,5.02,67.0,2.9137823889512218
839,0.36772290100005023,10.96,65.91,2.639593697377953
840,0.3679004090000575,9.65,65.4,2.7624132893039084
841,0.3680371800000586,13.19,63.45,2.8187171772125437
842,0.368173790000057,10.55,66.47,2.9566862451867855
843,0.3683360460000529,9.24,66.5,2.5069899828700417
844,0.36847608200004345,-1.1,70.02,2.2007612734567874
845,0.3686694480000341,14.66,65.1,2.684965421983912
846,0.36878338300003577,4.96,66.36,2.655561328751654
847,0.3689394500000418,10.74,66.07,2.720543247559795
848,0.3690716770000506,14.55,65.09,2.7546087763513993
849,0.36922638500004723,-2.63,74.06,3.265583796708893
850,0.3694145250000531,12.98,65.16,3.6691393127864003
851,0.3695526730000438,8.87,67.97,3.696736073648741
852,0.3697261460000476,13.73,65.97,3.5674935515232655
853,0.36992230900004586,8.8,65.97,4.055902259769331
854,0.3700514250000424,2.69,67.97,4.4994921193330875
855,0.3702073320000352,5.57,66.17,4.035715443095677
856,0.3703446730000337,5.41,69.92,4.054707863640935
857,0.3705012740000342,17.22,64.51,3.9064554238369773
858,0.37064730800003076,8.71,64.98,4.373070408897972
859,0.37078681500003086,6.55,65.39,4.096932946113357
860,0.37093538300003104,8.99,65.34,4.173153631481855
861,0.37108988300002466,14.63,64.58,4.188090545234503
862,0.3712261870000191,5.96,64.76,3.984841966341912
863,0.37135446500001024,8.38,67.44,3.4542343588609854
864,0.37150159200001553,7.52,68.35,3.0153632305000704
865,0.37162638300002016,16.26,65.96,2.981420408255942
866,0.37179764600001874,9.37,67.07,3.1652322287003587
867,0.37193700600002444,8.49,65.23,3.167468376520745
868,0.37207663000002356,12.08,66.19,2.694460101679538
869,0.3722147670000311,1.09,69.75,2.8454452982103384
870,0.3723895770000212,10.17,65.8,2.6303947414624567
871,0.37258672600002285,9.05,66.53,2.6289655020819547
872,0.3727673830000242,10.45,65.12,2.9220455085678525
873,0.37291045100002407,7.18,65.99,3.333600362167175
874,0.37304981400001225,5.71,66.41,3.4223825557404104
875,0.37319968399999937,12.2,64.89,3.626495060863911
876,0.3733528439999958,8.57,66.03,3.5937241666136672
877,0.37348435999999197,3.71,67.86,3.717431862400401
878,0.37365978799999766,11.2,65.64,4.133527214046077
879,0.3738346059999884,11.07,64.85,3.952253522925349
880,0.37399116299998525,10.36,64.07,3.8369207165165498
881,0.37413193699998715,11.87,64.26,3.7645601341856816
882,0.3742873309999908,9.07,65.1,3.7818688756978625
883,0.3744720469999976,3.33,66.11,3.71039282457433
884,0.37461093499999265,-16.29,87.58,3.865265955779315
885,0.3747761649999859,-12.91,85.18,4.077704538811266
886,0.3749035809999839,12.56,65.72,3.8432243870307596
887,0.3750358209999831,8.84,66.94,3.994914157743917
888,0.37520566499998154,1.32,69.52,3.7570651299454525
889,0.37534694399998614,10.33,65.23,3.494458882388509
890,0.37548334299998487,12.21,65.6,3.7197619650926894
891,0.37563584999998056,11.81,65.02,3.925798794729906
892,0.37583243899997854,8.53,66.46,4.024957083252792
893,0.37598853299996904,-3.36,74.58,3.674180550642267
894,0.3761257619999725,8.99,64.76,3.5626339860585503
895,0.37627672499998255,-19.89,93.33,3.546946266378195
896,0.37641616799999156,-5.21,80.87,3.937818240698988
897,0.3765771959999853,-21.17,99.3,3.6892014346646205
898,0.37671744299998977,1.45,77.81,3.512622803938295
899,0.3768353389999959,0.53,77.7,3.435259874237837
900,0.37701163299999507,-10.0,79.89,3.120644318089062
901,0.37716195799998786,14.63,64.72,2.683756582647474
902,0.37733822399998473,3.46,66.32,2.4228862489532896
903,0.37748452299997837,8.39,67.17,2.542639554267841
904,0.37766481099997407,8.71,64.93,2.773604056622521
905,0.37784407299997724,-0.86,68.95,2.443203676709885
906,0.3779931819999831,4.68,70.21,2.0469631454345745
907,0.37812912499998674,15.37,65.48,2.2559786259307884
908,0.37827262299998665,7.55,66.21,2.5363495959390874
909,0.37842037699999764,6.46,65.64,2.8486642276971423
910,0.37854637999998886,5.33,68.99,2.92403075411971
911,0.37868023199997936,4.41,68.9,3.1818443890183405
912,0.37882915599998057,-26.72,83.9,3.504941643748521
913,0.3789808589999808,10.74,64.2,3.398488888899525
914,0.3791298839999797,13.42,65.1,3.348352060694593
915,0.3793281529999746,7.14,65.35,3.59388650540455
916,0.37946338499996557,9.52,64.96,3.6871391695318474
917,0.3796391299999584,13.62,64.5,3.7641242802385975
918,0.37978543499995965,5.19,68.23,3.560576024635999
919,0.37995299199997135,4.74,67.95,3.4969704035125178
920,0.38017992999996864,11.63,65.68,3.4795654854376394
921,0.3803720319999684,13.59,64.82,3.544586908563171
922,0.38053055499996447,-1.84,76.93,3.3471405735065374
923,0.3806855779999694,-0.53,78.15,4.00942541709177
924,0.38085891799997285,11.07,65.12,3.639472327989008
925,0.3810540809999594,8.67,67.56,3.6007098122671968
926,0.3811908889999529,10.25,68.24,3.5491169453168245
927,0.381363244999946,15.78,63.92,3.5474533856825303
928,0.381519218999955,15.79,63.15,3.8470524832388393
929,0.38165495999996324,6.42,66.28,3.6363891332934672
930,0.3818539319999701,9.52,65.34,3.865802291987116
931,0.38202576399996246,6.13,66.57,3.634576919232375
932,0.38216698099996904,12.97,65.55,3.6898775803630053
933,0.3823306079999611,8.62,65.13,3.063840701926736
934,0.3824656249999663,8.45,68.55,3.445735954458357
935,0.38259714099996245,11.99,64.74,3.1687763672916374
936,0.3827308569999559,9.5,65.97,3.3742867545542636
937,0.3828836029999536,5.09,68.08,3.008459407107618
938,0.38308858199995655,11.82,64.54,2.769307993218894
939,0.38343730199996173,9.19,65.15,2.693061237592047
940,0.3836030399999544,9.75,66.76,2.371296524625437
941,0.3838254159999508,9.59,65.47,2.2336815838211757
942,0.3839797319999434,11.19,65.61,2.220807605388285
943,0.38413243699993416,14.02,65.28,2.40361808063601
944,0.3842874509999348,6.22,65.77,2.006139079917137
945,0.38442965899993453,6.87,65.34,2.3656607776921916
946,0.384549897999932,5.91,64.99,2.6535541796795097
947,0.38474057999992795,-1.23,80.73,3.019197978853528
948,0.3849163889999261,-10.2,87.11,3.209273108018894
949,0.3850612059999179,7.68,68.62,3.70799637595547
950,0.385306737999926,11.57,65.14,3.7985326184477244
951,0.3854870239999286,8.19,67.79,3.833775782671333
952,0.3856907869999304,-7.93,85.83,3.473833392016482
953,0.3858754559999227,5.64,66.76,3.38802219619562
954,0.38600733399991327,-19.23,91.46,3.437394929860338
955,0.38621669299990913,-7.81,81.36,3.4123862398239764
956,0.386348443999907,-0.06,79.39,3.0473774261287203
957,0.3865214709998952,8.78,67.31,2.8075861642864313
958,0.3867066039998974,16.76,65.19,2.9920183524346236
959,0.38688597399990954,12.29,64.42,2.704439642555797
960,0.38702175999991084,3.77,67.56,2.5391321020594875
961,0.3872210319999141,7.89,65.61,2.7123136031701174
962,0.3873660089999049,14.34,64.35,2.685854162757726
963,0.3875353779999102,7.37,66.24,2.720287261663729
964,0.3876849829999145,5.69,65.83,3.404444118476589
965,0.38787545399991075,9.39,65.63,3.0862517840297157
966,0.38804233199991245,9.12,64.35,3.3065615201955203
967,0.3882041159999119,12.11,63.36,3.4393833600517043
968,0.38836658899990084,6.49,65.31,3.0295065166356236
969,0.3885036349999069,10.92,64.55,3.36511124899043
970,0.38863811199989584,1.66,70.3,3.6321265333667383
971,0.3888104049999015,9.5,65.45,3.9061926146224395
972,0.3889580549999039,13.87,64.64,4.347668295751421
973,0.38910536499990656,13.64,64.43,4.182644319230826
974,0.38928986999991366,0.37,74.02,3.5753877381038444
975,0.3894523339999125,12.32,65.46,3.6387329253785388
976,0.3895856319999069,6.0,66.49,3.9210295780212734
977,0.38973050099991724,7.33,67.33,3.9179848037177294
978,0.389866992999913,7.51,65.77,4.136214703426406
979,0.3899910329999159,7.99,69.23,3.9856144673639684
980,0.39012837799991473,8.43,66.11,3.5807251139898946
981,0.390307502999903,-17.38,79.0,3.0596566968906167
982,0.3904536599999062,-17.35,82.59,2.6314343773687185
983,0.390599528999914,5.85,67.58,2.6036222175431285
984,0.39071972999990123,5.38,66.3,2.8131290983178756
985,0.3908976659999013,11.3,65.41,2.7796809721378954
986,0.3910580419999121,4.13,65.03,2.073688063474713
987,0.3912168459999066,8.55,66.33,2.2659964635419003
988,0.3913504939999086,6.95,67.53,2.320745217685938
989,0.3914849639999005,2.84,66.67,2.1860214506785347
990,0.39162093199989556,9.88,66.07,2.741408771822022
991,0.39177238599988584,9.08,67.12,2.9122090822285718
992,0.3919369499998737,8.41,65.27,2.9382183484378075
993,0.3920861539998697,3.87,67.79,3.4474545776073255
994,0.3922090849998625,1.51,65.83,3.152171971239202
995,0.3923616549998741,1.32,67.63,3.13429473069399
996,0.39251785199986955,14.27,65.03,3.2252686626835905
997,0.3926450949998639,5.32,66.04,3.2010699377638403
998,0.3928159119998611,6.21,67.35,3.3776034962869756
999,0.39294288599985805,11.92,64.64,3.460189987958633
1000,0.3930927959998485,11.45,65.72,2.9509133687686475
1001,0.39323288399984335,7.07,63.96,3.1554696143486827
1002,0.39343152399985115,3.65,67.66,3.1922069081410642
1003,0.3935850329998516,12.81,65.64,3.068742981925988
1004,0.3938069979998602,8.06,64.81,3.2855919802531046
1005,0.39396432399986736,4.96,64.78,3.4305013555095885
1006,0.3940805689998683,7.98,64.95,4.019730263537529
1007,0.3942230689998638,5.07,66.02,4.371168891980755
1008,0.39435854399987136,7.13,65.46,3.797053838779191
1009,0.3945179229998672,11.09,64.31,3.874453194196582
1010,0.39465122499986194,9.66,65.35,3.8859450294385582
1011,0.3948274629998565,6.48,65.66,3.972231134586379
1012,0.3950131739998568,5.19,64.95,4.359196573091171
1013,0.395193250999867,2.3,67.01,4.04450222359161
1014,0.39534891399986805,1.39,66.13,3.8398858575293824
1015,0.39547679899986576,9.52,63.95,3.6929814526063183
1016,0.3956299989998655,5.94,65.96,3.215466564010808
1017,0.39579569399987236,0.58,68.01,2.4509159286853626
1018,0.39596187899987,2.09,66.57,2.580975297081527
1019,0.39614282899987074,7.49,65.36,2.4370810567418957
1020,0.3962812879998694,8.44,67.68,2.4219820056607504
1021,0.396514153999874,8.8,65.15,2.4585013092540704
1022,0.3966728919998843,6.04,69.23,2.259288713473244
1023,0.3968152669998801,6.39,64.47,2.59262627072136
1024,0.39698547799987693,7.77,67.32,3.12639413202349
1025,0.3971562789998728,7.23,66.77,3.70935295068796
1026,0.39732305099987286,-3.71,71.52,3.7190101664729944
1027,0.3974540239998703,11.22,64.92,3.768644272710546
1028,0.3975814519998693,5.78,65.91,4.107446490399416
1029,0.3977714999998767,6.44,64.94,4.335862016797639
1030,0.3979354789998695,8.59,66.37,4.5106179602030885
1031,0.39806726699987394,6.89,65.97,4.3240895146678815
1032,0.3981845159998727,9.13,64.2,4.597492888742604
1033,0.3983297419998735,12.66,65.43,4.365761334257879
1034,0.39848970899987535,-1.72,65.77,4.143414036788872
1035,0.3986381529998795,4.82,66.1,3.661076923489697
1036,0.39875947899987807,5.84,65.89,3.815388981810133
1037,0.3988901549998758,10.57,64.34,3.893299774103705
1038,0.39904911799987985,4.67,66.39,3.8474801970079233
1039,0.3991920809998817,4.26,65.76,3.728030953635667
1040,0.39938071299988565,11.01,65.64,4.008861064624976
1041,0.39951711699988834,7.73,65.4,3.8526901277017913
1042,0.3996571329998915,7.34,65.67,3.330090789328055
1043,0.3997802589998969,6.72,65.35,3.2294265655471137
1044,0.3999389549998966,7.71,64.98,3.318048269956364
1045,0.40007689299990545,9.71,64.98,3.2943098393027688
1046,0.40021389399990426,9.13,64.0,3.2683987695598473
1047,0.400381641999914,9.87,64.58,3.512356813349631
1048,0.4005527179999149,7.86,66.64,3.200941313650341
1049,0.4006726499999189,4.45,66.11,3.1756250740196097
1050,0.4008380989999125,5.7,66.15,3.2295367917511557
1051,0.40099733699990736,6.91,66.21,3.0781919030016804
1052,0.4011335029999117,9.76,64.49,3.485886215150169
1053,0.4012981319999085,9.31,65.4,3.733258201039888
1054,0.40145677999990426,10.99,63.81,3.7159241281500344
1055,0.40162703299991165,11.78,65.04,3.648601740482237
1056,0.4017737969999189,5.26,66.4,3.3703042137432933
1057,0.4019451929999178,8.45,65.77,3.345058006976319
1058,0.4020830569999134,5.81,66.22,3.2304990599910126
1059,0.40227489799991645,10.66,66.51,3.4397300448930643
1060,0.40242129999991505,9.28,65.97,3.299873829572372
1061,0.4025670999999136,4.27,66.28,3.6871292185768625
1062,0.40273848499990095,6.18,65.7,3.663193429721378
1063,0.4029314539998978,7.95,64.25,3.6234028952450927
1064,0.40306149999990737,4.74,65.98,3.5136106712925943
1065,0.40321477999991373,12.67,65.36,3.908743866739936
1066,0.40336310099991124,6.23,64.32,3.846104429937475
1067,0.4035331389999044,2.24,66.51,3.638199674411556
1068,0.40395076499990523,10.39,64.39,3.625225091581066
1069,0.4040891849999042,9.71,64.84,3.197013106880383
1070,0.4042050519999094,-12.66,79.03,2.858997747618027
1071,0.4043727249999023,11.27,65.69,2.7984689285343354
1072,0.40450793399989493,9.92,64.94,2.4920152074633433
1073,0.40468155999988653,3.06,65.85,2.51147561862138
1074,0.4048143249998901,7.75,65.72,2.203958244775566
1075,0.4049580949998841,2.26,64.99,1.8640347841752842
